preset,mode,transform,relationship,fg_hex,fg_description,background,mode_label,threshold,wcag_ratio,wcag_pass
blue,light,source,text-on-surface,#0047ab,source on white,#ffffff,white,4.5,8.4359,PASS
blue,light,source,text-on-surface,#0047ab,source on off-white,#fefeff,off-white,4.5,8.3696,PASS
blue,dark,fill(l*0.45),text-on-fill,#ffffff,white text on accent fill #000058,#000058,accent-fill,4.5,18.4063,PASS
blue,dark,fill(l*0.45),fill-vs-surface,#000058,accent fill vs main,#1b1b1d,main,3,1.0703,FAIL
blue,dark,fill(l*0.45),fill-vs-surface,#000058,accent fill vs surface,#2a2a2d,surface,3,1.2863,FAIL
blue,dark,fill(l*0.45),fill-vs-surface,#000058,accent fill vs nested,#3b3b3f,nested,3,1.6507,FAIL
blue,dark,fill(l*0.45),fill-vs-surface,#000058,accent fill vs raised,#47474c,raised,3,1.9928,FAIL
blue,dark,fill(l*0.45),fill-vs-surface,#000058,accent fill vs toolbar,#2d3755,toolbar,3,1.5682,FAIL
blue,dark,fg,text-on-surface,#9ae7ff,fg on main,#1b1b1d,main,4.5,12.4872,PASS
blue,dark,fg,text-on-surface,#9ae7ff,fg on surface,#2a2a2d,surface,4.5,10.3905,PASS
blue,dark,fg,text-on-surface,#9ae7ff,fg on nested,#3b3b3f,nested,4.5,8.0965,PASS
blue,dark,fg,text-on-surface,#9ae7ff,fg on raised,#47474c,raised,4.5,6.7068,PASS
blue,dark,fg,text-on-surface,#9ae7ff,fg on toolbar,#2d3755,toolbar,4.5,8.5223,PASS
blue,HC-light,hc(fg l*0.70),text-on-surface,#001d81,HC fg on white,#ffffff,white,7,14.0681,PASS
blue,HC-light,hc(fg l*0.70),text-on-surface,#001d81,HC fg on off-white,#fefeff,off-white,7,13.9575,PASS
blue,HC-dark,hc(fg),text-on-surface,#9ae7ff,HC fg on black,#000000,black,7,15.2484,PASS
cerulean,light,source,text-on-surface,#006b8f,source on white,#ffffff,white,4.5,6.0005,PASS
cerulean,light,source,text-on-surface,#006b8f,source on off-white,#fefeff,off-white,4.5,5.9533,PASS
cerulean,dark,fill(l*0.45),text-on-fill,#ffffff,white text on accent fill #00203c,#00203c,accent-fill,4.5,16.5113,PASS
cerulean,dark,fill(l*0.45),fill-vs-surface,#00203c,accent fill vs main,#1b1b1d,main,3,1.0415,FAIL
cerulean,dark,fill(l*0.45),fill-vs-surface,#00203c,accent fill vs surface,#2a2a2d,surface,3,1.1538,FAIL
cerulean,dark,fill(l*0.45),fill-vs-surface,#00203c,accent fill vs nested,#3b3b3f,nested,3,1.4808,FAIL
cerulean,dark,fill(l*0.45),fill-vs-surface,#00203c,accent fill vs raised,#47474c,raised,3,1.7876,FAIL
cerulean,dark,fill(l*0.45),fill-vs-surface,#00203c,accent fill vs toolbar,#2d3755,toolbar,3,1.4068,FAIL
cerulean,dark,fg,text-on-surface,#98f6ff,fg on main,#1b1b1d,main,4.5,13.8901,PASS
cerulean,dark,fg,text-on-surface,#98f6ff,fg on surface,#2a2a2d,surface,4.5,11.5578,PASS
cerulean,dark,fg,text-on-surface,#98f6ff,fg on nested,#3b3b3f,nested,4.5,9.0061,PASS
cerulean,dark,fg,text-on-surface,#98f6ff,fg on raised,#47474c,raised,4.5,7.4602,PASS
cerulean,dark,fg,text-on-surface,#98f6ff,fg on toolbar,#2d3755,toolbar,4.5,9.4797,PASS
cerulean,HC-light,hc(fg l*0.70),text-on-surface,#004163,HC fg on white,#ffffff,white,7,10.8455,PASS
cerulean,HC-light,hc(fg l*0.70),text-on-surface,#004163,HC fg on off-white,#fefeff,off-white,7,10.7602,PASS
cerulean,HC-dark,hc(fg),text-on-surface,#98f6ff,HC fg on black,#000000,black,7,16.9614,PASS
teal,light,source,text-on-surface,#006b5e,source on white,#ffffff,white,4.5,6.4324,PASS
teal,light,source,text-on-surface,#006b5e,source on off-white,#fefeff,off-white,4.5,6.3819,PASS
teal,dark,fill(l*0.45),text-on-fill,#ffffff,white text on accent fill #00231b,#00231b,accent-fill,4.5,16.7166,PASS
teal,dark,fill(l*0.45),fill-vs-surface,#00231b,accent fill vs main,#1b1b1d,main,3,1.0288,FAIL
teal,dark,fill(l*0.45),fill-vs-surface,#00231b,accent fill vs surface,#2a2a2d,surface,3,1.1682,FAIL
teal,dark,fill(l*0.45),fill-vs-surface,#00231b,accent fill vs nested,#3b3b3f,nested,3,1.4992,FAIL
teal,dark,fill(l*0.45),fill-vs-surface,#00231b,accent fill vs raised,#47474c,raised,3,1.8098,FAIL
teal,dark,fill(l*0.45),fill-vs-surface,#00231b,accent fill vs toolbar,#2d3755,toolbar,3,1.4243,FAIL
teal,dark,fg,text-on-surface,#9efdeb,fg on main,#1b1b1d,main,4.5,14.4978,PASS
teal,dark,fg,text-on-surface,#9efdeb,fg on surface,#2a2a2d,surface,4.5,12.0635,PASS
teal,dark,fg,text-on-surface,#9efdeb,fg on nested,#3b3b3f,nested,4.5,9.4002,PASS
teal,dark,fg,text-on-surface,#9efdeb,fg on raised,#47474c,raised,4.5,7.7867,PASS
teal,dark,fg,text-on-surface,#9efdeb,fg on toolbar,#2d3755,toolbar,4.5,9.8945,PASS
teal,HC-light,hc(fg l*0.70),text-on-surface,#004338,HC fg on white,#ffffff,white,7,11.2905,PASS
teal,HC-light,hc(fg l*0.70),text-on-surface,#004338,HC fg on off-white,#fefeff,off-white,7,11.2018,PASS
teal,HC-dark,hc(fg),text-on-surface,#9efdeb,HC fg on black,#000000,black,7,17.7036,PASS
green,light,source,text-on-surface,#08783e,source on white,#ffffff,white,4.5,5.5755,PASS
green,light,source,text-on-surface,#08783e,source on off-white,#fefeff,off-white,4.5,5.5317,PASS
green,dark,fill(l*0.45),text-on-fill,#ffffff,white text on accent fill #002900,#002900,accent-fill,4.5,15.9432,PASS
green,dark,fill(l*0.45),fill-vs-surface,#002900,accent fill vs main,#1b1b1d,main,3,1.0787,FAIL
green,dark,fill(l*0.45),fill-vs-surface,#002900,accent fill vs surface,#2a2a2d,surface,3,1.1141,FAIL
green,dark,fill(l*0.45),fill-vs-surface,#002900,accent fill vs nested,#3b3b3f,nested,3,1.4298,FAIL
green,dark,fill(l*0.45),fill-vs-surface,#002900,accent fill vs raised,#47474c,raised,3,1.7261,FAIL
green,dark,fill(l*0.45),fill-vs-surface,#002900,accent fill vs toolbar,#2d3755,toolbar,3,1.3584,FAIL
green,dark,fg,text-on-surface,#9affba,fg on main,#1b1b1d,main,4.5,14.2386,PASS
green,dark,fg,text-on-surface,#9affba,fg on surface,#2a2a2d,surface,4.5,11.8479,PASS
green,dark,fg,text-on-surface,#9affba,fg on nested,#3b3b3f,nested,4.5,9.2321,PASS
green,dark,fg,text-on-surface,#9affba,fg on raised,#47474c,raised,4.5,7.6474,PASS
green,dark,fg,text-on-surface,#9affba,fg on toolbar,#2d3755,toolbar,4.5,9.7176,PASS
green,HC-light,hc(fg l*0.70),text-on-surface,#004c14,HC fg on white,#ffffff,white,7,10.2746,PASS
green,HC-light,hc(fg l*0.70),text-on-surface,#004c14,HC fg on off-white,#fefeff,off-white,7,10.1938,PASS
green,HC-dark,hc(fg),text-on-surface,#9affba,HC fg on black,#000000,black,7,17.3870,PASS
olive,light,source,text-on-surface,#5d6b1c,source on white,#ffffff,white,4.5,5.8573,PASS
olive,light,source,text-on-surface,#5d6b1c,source on off-white,#fefeff,off-white,4.5,5.8112,PASS
olive,dark,fill(l*0.45),text-on-fill,#ffffff,white text on accent fill #182000,#182000,accent-fill,4.5,16.8615,PASS
olive,dark,fill(l*0.45),fill-vs-surface,#182000,accent fill vs main,#1b1b1d,main,3,1.0199,FAIL
olive,dark,fill(l*0.45),fill-vs-surface,#182000,accent fill vs surface,#2a2a2d,surface,3,1.1783,FAIL
olive,dark,fill(l*0.45),fill-vs-surface,#182000,accent fill vs nested,#3b3b3f,nested,3,1.5122,FAIL
olive,dark,fill(l*0.45),fill-vs-surface,#182000,accent fill vs raised,#47474c,raised,3,1.8255,FAIL
olive,dark,fill(l*0.45),fill-vs-surface,#182000,accent fill vs toolbar,#2d3755,toolbar,3,1.4366,FAIL
olive,dark,fg,text-on-surface,#dff39b,fg on main,#1b1b1d,main,4.5,14.2748,PASS
olive,dark,fg,text-on-surface,#dff39b,fg on surface,#2a2a2d,surface,4.5,11.8779,PASS
olive,dark,fg,text-on-surface,#dff39b,fg on nested,#3b3b3f,nested,4.5,9.2555,PASS
olive,dark,fg,text-on-surface,#dff39b,fg on raised,#47474c,raised,4.5,7.6668,PASS
olive,dark,fg,text-on-surface,#dff39b,fg on toolbar,#2d3755,toolbar,4.5,9.7423,PASS
olive,HC-light,hc(fg l*0.70),text-on-surface,#354100,HC fg on white,#ffffff,white,7,11.0092,PASS
olive,HC-light,hc(fg l*0.70),text-on-surface,#354100,HC fg on off-white,#fefeff,off-white,7,10.9226,PASS
olive,HC-dark,hc(fg),text-on-surface,#dff39b,HC fg on black,#000000,black,7,17.4311,PASS
yellow,light,source,text-on-surface,#765c00,source on white,#ffffff,white,4.5,6.3614,PASS
yellow,light,source,text-on-surface,#765c00,source on off-white,#fefeff,off-white,4.5,6.3114,PASS
yellow,dark,fill(l*0.45),text-on-fill,#ffffff,white text on accent fill #2b1500,#2b1500,accent-fill,4.5,17.3556,PASS
yellow,dark,fill(l*0.45),fill-vs-surface,#2b1500,accent fill vs main,#1b1b1d,main,3,1.0092,FAIL
yellow,dark,fill(l*0.45),fill-vs-surface,#2b1500,accent fill vs surface,#2a2a2d,surface,3,1.2128,FAIL
yellow,dark,fill(l*0.45),fill-vs-surface,#2b1500,accent fill vs nested,#3b3b3f,nested,3,1.5565,FAIL
yellow,dark,fill(l*0.45),fill-vs-surface,#2b1500,accent fill vs raised,#47474c,raised,3,1.8790,FAIL
yellow,dark,fill(l*0.45),fill-vs-surface,#2b1500,accent fill vs toolbar,#2d3755,toolbar,3,1.4787,FAIL
yellow,dark,fg,text-on-surface,#ffe590,fg on main,#1b1b1d,main,4.5,13.8090,PASS
yellow,dark,fg,text-on-surface,#ffe590,fg on surface,#2a2a2d,surface,4.5,11.4904,PASS
yellow,dark,fg,text-on-surface,#ffe590,fg on nested,#3b3b3f,nested,4.5,8.9536,PASS
yellow,dark,fg,text-on-surface,#ffe590,fg on raised,#47474c,raised,4.5,7.4167,PASS
yellow,dark,fg,text-on-surface,#ffe590,fg on toolbar,#2d3755,toolbar,4.5,9.4244,PASS
yellow,HC-light,hc(fg l*0.70),text-on-surface,#4d3400,HC fg on white,#ffffff,white,7,11.6231,PASS
yellow,HC-light,hc(fg l*0.70),text-on-surface,#4d3400,HC fg on off-white,#fefeff,off-white,7,11.5317,PASS
yellow,HC-dark,hc(fg),text-on-surface,#ffe590,HC fg on black,#000000,black,7,16.8624,PASS
orange,light,source,text-on-surface,#9b4b00,source on white,#ffffff,white,4.5,6.1762,PASS
orange,light,source,text-on-surface,#9b4b00,source on off-white,#fefeff,off-white,4.5,6.1277,PASS
orange,dark,fill(l*0.45),text-on-fill,#ffffff,white text on accent fill #410000,#410000,accent-fill,4.5,17.1462,PASS
orange,dark,fill(l*0.45),fill-vs-surface,#410000,accent fill vs main,#1b1b1d,main,3,1.0030,FAIL
orange,dark,fill(l*0.45),fill-vs-surface,#410000,accent fill vs surface,#2a2a2d,surface,3,1.1982,FAIL
orange,dark,fill(l*0.45),fill-vs-surface,#410000,accent fill vs nested,#3b3b3f,nested,3,1.5377,FAIL
orange,dark,fill(l*0.45),fill-vs-surface,#410000,accent fill vs raised,#47474c,raised,3,1.8563,FAIL
orange,dark,fill(l*0.45),fill-vs-surface,#410000,accent fill vs toolbar,#2d3755,toolbar,3,1.4609,FAIL
orange,dark,fg,text-on-surface,#ffcd8c,fg on main,#1b1b1d,main,4.5,11.7624,PASS
orange,dark,fg,text-on-surface,#ffcd8c,fg on surface,#2a2a2d,surface,4.5,9.7874,PASS
orange,dark,fg,text-on-surface,#ffcd8c,fg on nested,#3b3b3f,nested,4.5,7.6265,PASS
orange,dark,fg,text-on-surface,#ffcd8c,fg on raised,#47474c,raised,4.5,6.3175,PASS
orange,dark,fg,text-on-surface,#ffcd8c,fg on toolbar,#2d3755,toolbar,4.5,8.0276,PASS
orange,HC-light,hc(fg l*0.70),text-on-surface,#6b1e00,HC fg on white,#ffffff,white,7,11.5966,PASS
orange,HC-light,hc(fg l*0.70),text-on-surface,#6b1e00,HC fg on off-white,#fefeff,off-white,7,11.5055,PASS
orange,HC-dark,hc(fg),text-on-surface,#ffcd8c,HC fg on black,#000000,black,7,14.3632,PASS
red,light,source,text-on-surface,#a83218,source on white,#ffffff,white,4.5,6.6999,PASS
red,light,source,text-on-surface,#a83218,source on off-white,#fefeff,off-white,4.5,6.6472,PASS
red,dark,fill(l*0.45),text-on-fill,#ffffff,white text on accent fill #490000,#490000,accent-fill,4.5,16.3641,PASS
red,dark,fill(l*0.45),fill-vs-surface,#490000,accent fill vs main,#1b1b1d,main,3,1.0509,FAIL
red,dark,fill(l*0.45),fill-vs-surface,#490000,accent fill vs surface,#2a2a2d,surface,3,1.1436,FAIL
red,dark,fill(l*0.45),fill-vs-surface,#490000,accent fill vs nested,#3b3b3f,nested,3,1.4676,FAIL
red,dark,fill(l*0.45),fill-vs-surface,#490000,accent fill vs raised,#47474c,raised,3,1.7717,FAIL
red,dark,fill(l*0.45),fill-vs-surface,#490000,accent fill vs toolbar,#2d3755,toolbar,3,1.3942,FAIL
red,dark,fg,text-on-surface,#ffb998,fg on main,#1b1b1d,main,4.5,10.3553,PASS
red,dark,fg,text-on-surface,#ffb998,fg on surface,#2a2a2d,surface,4.5,8.6165,PASS
red,dark,fg,text-on-surface,#ffb998,fg on nested,#3b3b3f,nested,4.5,6.7142,PASS
red,dark,fg,text-on-surface,#ffb998,fg on raised,#47474c,raised,4.5,5.5617,PASS
red,dark,fg,text-on-surface,#ffb998,fg on toolbar,#2d3755,toolbar,4.5,7.0673,PASS
red,HC-light,hc(fg l*0.70),text-on-surface,#760000,HC fg on white,#ffffff,white,7,11.8623,PASS
red,HC-light,hc(fg l*0.70),text-on-surface,#760000,HC fg on off-white,#fefeff,off-white,7,11.7691,PASS
red,HC-dark,hc(fg),text-on-surface,#ffb998,HC fg on black,#000000,black,7,12.6450,PASS
pink,light,source,text-on-surface,#8d3b75,source on white,#ffffff,white,4.5,6.9652,PASS
pink,light,source,text-on-surface,#8d3b75,source on off-white,#fefeff,off-white,4.5,6.9104,PASS
pink,dark,fill(l*0.45),text-on-fill,#ffffff,white text on accent fill #38002a,#38002a,accent-fill,4.5,17.4769,PASS
pink,dark,fill(l*0.45),fill-vs-surface,#38002a,accent fill vs main,#1b1b1d,main,3,1.0163,FAIL
pink,dark,fill(l*0.45),fill-vs-surface,#38002a,accent fill vs surface,#2a2a2d,surface,3,1.2213,FAIL
pink,dark,fill(l*0.45),fill-vs-surface,#38002a,accent fill vs nested,#3b3b3f,nested,3,1.5674,FAIL
pink,dark,fill(l*0.45),fill-vs-surface,#38002a,accent fill vs raised,#47474c,raised,3,1.8921,FAIL
pink,dark,fill(l*0.45),fill-vs-surface,#38002a,accent fill vs toolbar,#2d3755,toolbar,3,1.4891,FAIL
pink,dark,fg,text-on-surface,#ffc1ff,fg on main,#1b1b1d,main,4.5,11.7302,PASS
pink,dark,fg,text-on-surface,#ffc1ff,fg on surface,#2a2a2d,surface,4.5,9.7606,PASS
pink,dark,fg,text-on-surface,#ffc1ff,fg on nested,#3b3b3f,nested,4.5,7.6057,PASS
pink,dark,fg,text-on-surface,#ffc1ff,fg on raised,#47474c,raised,4.5,6.3002,PASS
pink,dark,fg,text-on-surface,#ffc1ff,fg on toolbar,#2d3755,toolbar,4.5,8.0057,PASS
pink,HC-light,hc(fg l*0.70),text-on-surface,#600d4c,HC fg on white,#ffffff,white,7,12.6560,PASS
pink,HC-light,hc(fg l*0.70),text-on-surface,#600d4c,HC fg on off-white,#fefeff,off-white,7,12.5565,PASS
pink,HC-dark,hc(fg),text-on-surface,#ffc1ff,HC fg on black,#000000,black,7,14.3240,PASS
purple,light,source,text-on-surface,#5e3b9e,source on white,#ffffff,white,4.5,8.0917,PASS
purple,light,source,text-on-surface,#5e3b9e,source on off-white,#fefeff,off-white,4.5,8.0281,PASS
purple,dark,fill(l*0.45),text-on-fill,#ffffff,white text on accent fill #20004c,#20004c,accent-fill,4.5,18.0138,PASS
purple,dark,fill(l*0.45),fill-vs-surface,#20004c,accent fill vs main,#1b1b1d,main,3,1.0475,FAIL
purple,dark,fill(l*0.45),fill-vs-surface,#20004c,accent fill vs surface,#2a2a2d,surface,3,1.2588,FAIL
purple,dark,fill(l*0.45),fill-vs-surface,#20004c,accent fill vs nested,#3b3b3f,nested,3,1.6155,FAIL
purple,dark,fill(l*0.45),fill-vs-surface,#20004c,accent fill vs raised,#47474c,raised,3,1.9503,FAIL
purple,dark,fill(l*0.45),fill-vs-surface,#20004c,accent fill vs toolbar,#2d3755,toolbar,3,1.5348,FAIL
purple,dark,fg,text-on-surface,#f2cfff,fg on main,#1b1b1d,main,4.5,12.4022,PASS
purple,dark,fg,text-on-surface,#f2cfff,fg on surface,#2a2a2d,surface,4.5,10.3198,PASS
purple,dark,fg,text-on-surface,#f2cfff,fg on nested,#3b3b3f,nested,4.5,8.0414,PASS
purple,dark,fg,text-on-surface,#f2cfff,fg on raised,#47474c,raised,4.5,6.6611,PASS
purple,dark,fg,text-on-surface,#f2cfff,fg on toolbar,#2d3755,toolbar,4.5,8.4643,PASS
purple,HC-light,hc(fg l*0.70),text-on-surface,#3b0e74,HC fg on white,#ffffff,white,7,13.9910,PASS
purple,HC-light,hc(fg l*0.70),text-on-surface,#3b0e74,HC fg on off-white,#fefeff,off-white,7,13.8810,PASS
purple,HC-dark,hc(fg),text-on-surface,#f2cfff,HC fg on black,#000000,black,7,15.1446,PASS
custom,light,source,text-on-surface,#000000,source on white,#ffffff,white,4.5,21.0000,PASS
custom,light,source,text-on-surface,#000000,source on off-white,#fefeff,off-white,4.5,20.8349,PASS
custom,dark,fill(l*0.45),text-on-fill,#ffffff,white text on accent fill #000000,#000000,accent-fill,4.5,21.0000,PASS
custom,dark,fill(l*0.45),fill-vs-surface,#000000,accent fill vs main,#1b1b1d,main,3,1.2211,FAIL
custom,dark,fill(l*0.45),fill-vs-surface,#000000,accent fill vs surface,#2a2a2d,surface,3,1.4675,FAIL
custom,dark,fill(l*0.45),fill-vs-surface,#000000,accent fill vs nested,#3b3b3f,nested,3,1.8833,FAIL
custom,dark,fill(l*0.45),fill-vs-surface,#000000,accent fill vs raised,#47474c,raised,3,2.2736,FAIL
custom,dark,fill(l*0.45),fill-vs-surface,#000000,accent fill vs toolbar,#2d3755,toolbar,3,1.7892,FAIL
custom,dark,fg,text-on-surface,#e8e8e8,fg on main,#1b1b1d,main,4.5,14.0355,PASS
custom,dark,fg,text-on-surface,#e8e8e8,fg on surface,#2a2a2d,surface,4.5,11.6789,PASS
custom,dark,fg,text-on-surface,#e8e8e8,fg on nested,#3b3b3f,nested,4.5,9.1004,PASS
custom,dark,fg,text-on-surface,#e8e8e8,fg on raised,#47474c,raised,4.5,7.5384,PASS
custom,dark,fg,text-on-surface,#e8e8e8,fg on toolbar,#2d3755,toolbar,4.5,9.5790,PASS
custom,HC-light,hc(fg l*0.70),text-on-surface,#000000,HC fg on white,#ffffff,white,7,21.0000,PASS
custom,HC-light,hc(fg l*0.70),text-on-surface,#000000,HC fg on off-white,#fefeff,off-white,7,20.8349,PASS
custom,HC-dark,hc(fg),text-on-surface,#e8e8e8,HC fg on black,#000000,black,7,17.1390,PASS
link,light,source,text-on-surface,#003ecc,link on white,#ffffff,white,4.5,8.2000,PASS
link-hover,light,source,text-on-surface,#0036b1,link-hover on white,#ffffff,white,4.5,9.7108,PASS
focus,light,source,ui-on-surface,#003ecc,focus on white,#ffffff,white,3,8.2000,PASS
link,light,source,text-on-surface,#003ecc,link on off-white,#fefeff,off-white,4.5,8.1355,PASS
link-hover,light,source,text-on-surface,#0036b1,link-hover on off-white,#fefeff,off-white,4.5,9.6345,PASS
focus,light,source,ui-on-surface,#003ecc,focus on off-white,#fefeff,off-white,3,8.1355,PASS
link,dark,source,text-on-surface,#99b8ff,link on main,#1b1b1d,main,4.5,8.7253,PASS
focus,dark,source,ui-on-surface,#99b8ff,focus on main,#1b1b1d,main,3,8.7253,PASS
link,dark,source,text-on-surface,#99b8ff,link on surface,#2a2a2d,surface,4.5,7.2603,PASS
focus,dark,source,ui-on-surface,#99b8ff,focus on surface,#2a2a2d,surface,3,7.2603,PASS
link,dark,source,text-on-surface,#99b8ff,link on nested,#3b3b3f,nested,4.5,5.6574,PASS
focus,dark,source,ui-on-surface,#99b8ff,focus on nested,#3b3b3f,nested,3,5.6574,PASS
link,dark,source,text-on-surface,#99b8ff,link on raised,#47474c,raised,4.5,4.6863,PASS
focus,dark,source,ui-on-surface,#99b8ff,focus on raised,#47474c,raised,3,4.6863,PASS
link,dark,source,text-on-surface,#99b8ff,link on toolbar,#2d3755,toolbar,4.5,5.9549,PASS
focus,dark,source,ui-on-surface,#99b8ff,focus on toolbar,#2d3755,toolbar,3,5.9549,PASS
focus-OLD,dark,source,ui-on-surface,#0029a5,OLD focus on toolbar (broken),#2d3755,toolbar,3,1.0398,FAIL
